Date,Time,Plate Temperature (degrees C),Set Point (degrees C),Stirling voltage(V)
28/01/2026,13:25:55,3.55,3.78,2.897
28/01/2026,13:25:57,3.54,3.75,2.90349999999999
28/01/2026,13:25:59,3.52,3.72,2.90999999999999
28/01/2026,13:26:01,3.5,3.68,2.90349999999999
28/01/2026,13:26:03,3.47,3.65,2.90349999999999
28/01/2026,13:26:05,3.45,3.62,2.90349999999999
28/01/2026,13:26:07,3.43,3.58,2.90999999999999
28/01/2026,13:26:09,3.41,3.55,2.90999999999999
28/01/2026,13:26:11,3.38,3.52,2.90999999999999
28/01/2026,13:26:13,3.36,3.48,2.91650000000005
28/01/2026,13:26:15,3.34,3.45,2.91650000000005
28/01/2026,13:26:17,3.31,3.42,2.91650000000005
28/01/2026,13:26:19,3.28,3.38,2.91650000000005
28/01/2026,13:26:21,3.26,3.35,2.91650000000005
28/01/2026,13:26:23,3.23,3.32,2.92300000000005
28/01/2026,13:26:25,3.2,3.28,2.91650000000005
28/01/2026,13:26:27,3.18,3.25,2.92950000000004
28/01/2026,13:26:29,3.15,3.22,2.92300000000005
28/01/2026,13:26:31,3.12,3.18,2.92300000000005
28/01/2026,13:26:33,3.09,3.15,2.91650000000005
28/01/2026,13:26:35,3.06,3.12,2.91650000000005
28/01/2026,13:26:37,3.04,3.08,2.92950000000004
28/01/2026,13:26:39,3.01,3.05,2.92950000000004
28/01/2026,13:26:41,2.99,3.02,2.93600000000004
28/01/2026,13:26:43,2.96,2.98,2.92950000000004
28/01/2026,13:26:45,2.93,2.95,2.92950000000004
28/01/2026,13:26:47,2.89,2.92,2.92950000000004
28/01/2026,13:26:49,2.87,2.88,2.93600000000004
28/01/2026,13:26:51,2.84,2.85,2.94250000000003
28/01/2026,13:26:53,2.8,2.81,2.92950000000004
28/01/2026,13:26:55,2.78,2.78,2.94250000000003
28/01/2026,13:26:57,2.74,2.75,2.93600000000004
28/01/2026,13:26:59,2.71,2.72,2.94250000000003
28/01/2026,13:27:01,2.68,2.68,2.94250000000003
28/01/2026,13:27:03,2.65,2.65,2.94250000000003
28/01/2026,13:27:05,2.61,2.61,2.94250000000003
28/01/2026,13:27:07,2.58,2.58,2.93600000000004
28/01/2026,13:27:09,2.54,2.55,2.93600000000004
28/01/2026,13:27:11,2.5,2.52,2.93600000000004
28/01/2026,13:27:13,2.47,2.48,2.94250000000003
28/01/2026,13:27:15,2.44,2.45,2.94250000000003
28/01/2026,13:27:17,2.41,2.42,2.94250000000003
28/01/2026,13:27:19,2.38,2.38,2.94250000000003
28/01/2026,13:27:21,2.35,2.35,2.94900000000002
28/01/2026,13:27:23,2.31,2.32,2.94250000000003
28/01/2026,13:27:25,2.28,2.28,2.94250000000003
28/01/2026,13:27:27,2.25,2.25,2.94900000000002
28/01/2026,13:27:29,2.21,2.22,2.94900000000002
28/01/2026,13:27:31,2.17,2.18,2.94250000000003
28/01/2026,13:27:33,2.15,2.15,2.95550000000002
28/01/2026,13:27:35,2.11,2.12,2.94900000000002
28/01/2026,13:27:37,2.08,2.08,2.94250000000003
28/01/2026,13:27:39,2.04,2.05,2.94900000000002
28/01/2026,13:27:41,2.01,2.02,2.94900000000002
28/01/2026,13:27:43,1.97,1.98,2.94900000000002
28/01/2026,13:27:45,1.94,1.95,2.94900000000002
28/01/2026,13:27:47,1.9,1.91,2.94900000000002
28/01/2026,13:27:49,1.87,1.88,2.94900000000002
28/01/2026,13:27:51,1.83,1.85,2.94900000000002
28/01/2026,13:27:53,1.8,1.82,2.94900000000002
28/01/2026,13:27:55,1.76,1.78,2.94900000000002
28/01/2026,13:27:57,1.72,1.75,2.94250000000003
28/01/2026,13:27:59,1.69,1.72,2.94900000000002
28/01/2026,13:28:01,1.66,1.68,2.95550000000002
28/01/2026,13:28:03,1.62,1.65,2.94900000000002
28/01/2026,13:28:05,1.58,1.62,2.94250000000003
28/01/2026,13:28:07,1.55,1.58,2.94900000000002
28/01/2026,13:28:09,1.52,1.55,2.94900000000002
28/01/2026,13:28:11,1.49,1.51,2.94900000000002
28/01/2026,13:28:13,1.46,1.48,2.95550000000002
28/01/2026,13:28:15,1.43,1.45,2.95550000000002
28/01/2026,13:28:17,1.41,1.42,2.96200000000001
28/01/2026,13:28:19,1.38,1.38,2.96200000000001
28/01/2026,13:28:21,1.35,1.35,2.96850000000001
28/01/2026,13:28:23,1.32,1.32,2.96200000000001
28/01/2026,13:28:25,1.28,1.28,2.96200000000001
28/01/2026,13:28:27,1.24,1.25,2.95550000000002
28/01/2026,13:28:29,1.2,1.22,2.95550000000002
28/01/2026,13:28:31,1.17,1.18,2.96200000000001
28/01/2026,13:28:33,1.14,1.15,2.96200000000001
28/01/2026,13:28:35,1.1,1.12,2.95550000000002
28/01/2026,13:28:37,1.08,1.08,2.96850000000001
28/01/2026,13:28:39,1.04,1.05,2.96200000000001
28/01/2026,13:28:41,1.01,1.02,2.96850000000001
28/01/2026,13:28:43,0.98,0.98,2.96850000000001
28/01/2026,13:28:45,0.95,0.95,2.96850000000001
28/01/2026,13:28:47,0.92,0.92,2.975
28/01/2026,13:28:49,0.88,0.88,2.96200000000001
28/01/2026,13:28:51,0.84,0.85,2.96200000000001
28/01/2026,13:28:53,0.8,0.82,2.96200000000001
28/01/2026,13:28:55,0.77,0.78,2.96850000000001
28/01/2026,13:28:57,0.74,0.75,2.96850000000001
28/01/2026,13:28:59,0.72,0.72,2.975
28/01/2026,13:29:01,0.69,0.68,2.98149999999999
28/01/2026,13:29:03,0.65,0.65,2.96850000000001
28/01/2026,13:29:05,0.62,0.61,2.975
28/01/2026,13:29:07,0.59,0.58,2.98149999999999
28/01/2026,13:29:09,0.56,0.55,2.98149999999999
28/01/2026,13:29:11,0.52,0.52,2.975
28/01/2026,13:29:13,0.49,0.48,2.98799999999999
28/01/2026,13:29:15,0.46,0.45,2.98149999999999
28/01/2026,13:29:17,0.42,0.41,2.98149999999999
28/01/2026,13:29:19,0.39,0.38,2.98149999999999
28/01/2026,13:29:21,0.35,0.35,2.975
28/01/2026,13:29:23,0.31,0.32,2.975
28/01/2026,13:29:25,0.27,0.28,2.975
28/01/2026,13:29:27,0.24,0.25,2.98149999999999
28/01/2026,13:29:29,0.21,0.22,2.98149999999999
28/01/2026,13:29:31,0.17,0.18,2.975
28/01/2026,13:29:33,0.14,0.15,2.98149999999999
28/01/2026,13:29:35,0.1,0.12,2.98149999999999
28/01/2026,13:29:37,0.06,0.08,2.975
28/01/2026,13:29:39,0.03,0.05,2.975
28/01/2026,13:29:41,-0.01,0.02,2.975
28/01/2026,13:29:43,-0.04,-0.02,2.975
28/01/2026,13:29:45,-0.08,-0.05,2.975
28/01/2026,13:29:47,-0.11,-0.08,2.98149999999999
28/01/2026,13:29:49,-0.15,-0.12,2.98149999999999
28/01/2026,13:29:51,-0.18,-0.15,2.975
28/01/2026,13:29:53,-0.21,-0.18,2.98799999999999
28/01/2026,13:29:55,-0.24,-0.22,2.98799999999999
28/01/2026,13:29:57,-0.26,-0.25,2.98799999999999
28/01/2026,13:29:59,-0.3,-0.29,2.98799999999999
28/01/2026,13:30:01,-0.34,-0.32,2.98149999999999
28/01/2026,13:30:03,-0.38,-0.35,2.98149999999999
28/01/2026,13:30:05,-0.41,-0.38,2.98149999999999
28/01/2026,13:30:07,-0.44,-0.42,2.98799999999999
28/01/2026,13:30:09,-0.48,-0.45,2.98149999999999
28/01/2026,13:30:11,-0.52,-0.49,2.98149999999999
28/01/2026,13:30:13,-0.55,-0.52,2.98799999999999
28/01/2026,13:30:15,-0.59,-0.55,2.975
28/01/2026,13:30:17,-0.62,-0.58,2.98149999999999
28/01/2026,13:30:19,-0.66,-0.62,2.975
28/01/2026,13:30:21,-0.69,-0.65,2.98149999999999
28/01/2026,13:30:23,-0.72,-0.69,2.98799999999999
28/01/2026,13:30:25,-0.74,-0.72,2.99450000000006
28/01/2026,13:30:27,-0.78,-0.75,2.98799999999999
28/01/2026,13:30:29,-0.8,-0.78,2.98799999999999
28/01/2026,13:30:31,-0.83,-0.82,2.98799999999999
28/01/2026,13:30:33,-0.87,-0.85,2.98149999999999
28/01/2026,13:30:35,-0.91,-0.89,2.98149999999999
28/01/2026,13:30:37,-0.94,-0.92,2.99450000000006
28/01/2026,13:30:39,-0.97,-0.95,2.98799999999999
28/01/2026,13:30:41,-1,-0.98,2.98799999999999
28/01/2026,13:30:43,-1.03,-1.02,2.99450000000006
28/01/2026,13:30:45,-1.07,-1.05,2.99450000000006
28/01/2026,13:30:47,-1.1,-1.08,2.99450000000006
28/01/2026,13:30:49,-1.12,-1.12,3.00100000000005
28/01/2026,13:30:51,-1.16,-1.15,2.99450000000006
28/01/2026,13:30:53,-1.18,-1.19,3.00750000000004
28/01/2026,13:30:55,-1.21,-1.22,3.00100000000005
28/01/2026,13:30:57,-1.24,-1.25,3.01400000000004
28/01/2026,13:30:59,-1.27,-1.28,3.00750000000004
28/01/2026,13:31:01,-1.31,-1.32,3.00100000000005
28/01/2026,13:31:03,-1.35,-1.35,2.99450000000006
28/01/2026,13:31:05,-1.39,-1.39,2.99450000000006
28/01/2026,13:31:07,-1.43,-1.42,2.99450000000006
28/01/2026,13:31:09,-1.47,-1.45,2.99450000000006
28/01/2026,13:31:11,-1.51,-1.48,2.99450000000006
28/01/2026,13:31:13,-1.55,-1.52,2.99450000000006
28/01/2026,13:31:15,-1.58,-1.55,3.00100000000005
28/01/2026,13:31:17,-1.61,-1.59,3.00100000000005
28/01/2026,13:31:19,-1.63,-1.62,3.00750000000004
28/01/2026,13:31:21,-1.66,-1.65,3.00750000000004
28/01/2026,13:31:23,-1.69,-1.68,3.00750000000004
28/01/2026,13:31:25,-1.73,-1.72,3.00100000000005
28/01/2026,13:31:27,-1.77,-1.75,3.00100000000005
28/01/2026,13:31:29,-1.8,-1.79,3.00100000000005
28/01/2026,13:31:31,-1.84,-1.82,3.00100000000005
28/01/2026,13:31:33,-1.87,-1.85,3.00100000000005
28/01/2026,13:31:35,-1.91,-1.88,3.00100000000005
28/01/2026,13:31:37,-1.95,-1.92,3.00100000000005
28/01/2026,13:31:39,-1.98,-1.95,3.00100000000005
28/01/2026,13:31:41,-2.01,-1.99,3.00100000000005
28/01/2026,13:31:43,-2.05,-2.02,3.00100000000005
28/01/2026,13:31:45,-2.08,-2.05,3.00750000000004
28/01/2026,13:31:47,-2.11,-2.08,3.00750000000004
28/01/2026,13:31:49,-2.13,-2.12,3.00750000000004
28/01/2026,13:31:51,-2.17,-2.15,3.00750000000004
28/01/2026,13:31:53,-2.2,-2.18,3.00750000000004
28/01/2026,13:31:55,-2.24,-2.22,3.00100000000005
28/01/2026,13:31:57,-2.28,-2.25,3.00100000000005
28/01/2026,13:31:59,-2.31,-2.28,3.00750000000004
28/01/2026,13:32:01,-2.36,-2.32,3.00100000000005
28/01/2026,13:32:03,-2.39,-2.35,3.00100000000005
28/01/2026,13:32:05,-2.41,-2.38,3.01400000000004
28/01/2026,13:32:07,-2.45,-2.42,3.00750000000004
28/01/2026,13:32:09,-2.49,-2.45,3.00100000000005
28/01/2026,13:32:11,-2.52,-2.49,3.00750000000004
28/01/2026,13:32:13,-2.55,-2.52,3.01400000000004
28/01/2026,13:32:15,-2.59,-2.55,3.00100000000005
28/01/2026,13:32:17,-2.62,-2.58,3.00100000000005
28/01/2026,13:32:19,-2.65,-2.62,3.00750000000004
28/01/2026,13:32:21,-2.68,-2.65,3.01400000000004
28/01/2026,13:32:23,-2.71,-2.69,3.02050000000003
28/01/2026,13:32:25,-2.73,-2.72,3.02050000000003
28/01/2026,13:32:27,-2.78,-2.75,3.00750000000004
28/01/2026,13:32:29,-2.81,-2.78,3.01400000000004
28/01/2026,13:32:31,-2.84,-2.82,3.00750000000004
28/01/2026,13:32:33,-2.88,-2.85,3.00750000000004
28/01/2026,13:32:35,-2.91,-2.89,3.00750000000004
28/01/2026,13:32:37,-2.96,-2.92,3.00100000000005
28/01/2026,13:32:39,-2.98,-2.95,3.01400000000004
28/01/2026,13:32:41,-3.01,-2.98,3.01400000000004
28/01/2026,13:32:43,-3.05,-3.02,3.01400000000004
28/01/2026,13:32:45,-3.08,-3.05,3.01400000000004
28/01/2026,13:32:47,-3.12,-3.09,3.00750000000004
28/01/2026,13:32:49,-3.14,-3.12,3.02050000000003
28/01/2026,13:32:51,-3.17,-3.15,3.02050000000003
28/01/2026,13:32:53,-3.21,-3.18,3.02050000000003
28/01/2026,13:32:55,-3.24,-3.22,3.01400000000004
28/01/2026,13:32:57,-3.27,-3.25,3.02050000000003
28/01/2026,13:32:59,-3.3,-3.28,3.02050000000003
28/01/2026,13:33:01,-3.33,-3.32,3.02700000000003
28/01/2026,13:33:03,-3.35,-3.35,3.02700000000003
28/01/2026,13:33:05,-3.38,-3.39,3.03350000000002
28/01/2026,13:33:07,-3.41,-3.42,3.02700000000003
28/01/2026,13:33:09,-3.45,-3.45,3.02050000000003
28/01/2026,13:33:11,-3.5,-3.48,3.01400000000004
28/01/2026,13:33:13,-3.53,-3.52,3.02050000000003
28/01/2026,13:33:15,-3.57,-3.55,3.02050000000003
28/01/2026,13:33:17,-3.59,-3.59,3.02700000000003
28/01/2026,13:33:19,-3.62,-3.62,3.03350000000002
28/01/2026,13:33:21,-3.65,-3.65,3.02700000000003
28/01/2026,13:33:23,-3.68,-3.68,3.03350000000002
28/01/2026,13:33:25,-3.71,-3.72,3.03350000000002
28/01/2026,13:33:27,-3.75,-3.75,3.03350000000002
28/01/2026,13:33:29,-3.77,-3.79,3.04000000000001
28/01/2026,13:33:31,-3.8,-3.82,3.04000000000001
28/01/2026,13:33:33,-3.84,-3.85,3.03350000000002
28/01/2026,13:33:35,-3.87,-3.88,3.04000000000001
28/01/2026,13:33:37,-3.91,-3.92,3.03350000000002
28/01/2026,13:33:39,-3.95,-3.95,3.03350000000002
28/01/2026,13:33:41,-3.99,-3.99,3.03350000000002
28/01/2026,13:33:43,-4.02,-4.02,3.02700000000003
28/01/2026,13:33:45,-4.06,-4.05,3.02700000000003
28/01/2026,13:33:47,-4.1,-4.08,3.03350000000002
28/01/2026,13:33:49,-4.13,-4.12,3.03350000000002
28/01/2026,13:33:51,-4.16,-4.15,3.04650000000001
28/01/2026,13:33:53,-4.19,-4.19,3.04650000000001
28/01/2026,13:33:55,-4.22,-4.22,3.04000000000001
28/01/2026,13:33:57,-4.24,-4.25,3.04650000000001
28/01/2026,13:33:59,-4.28,-4.28,3.04650000000001
28/01/2026,13:34:01,-4.33,-4.32,3.03350000000002
28/01/2026,13:34:03,-4.36,-4.35,3.04000000000001
28/01/2026,13:34:05,-4.4,-4.38,3.03350000000002
28/01/2026,13:34:07,-4.44,-4.42,3.04000000000001
28/01/2026,13:34:09,-4.46,-4.45,3.053
28/01/2026,13:34:11,-4.49,-4.49,3.04650000000001
28/01/2026,13:34:13,-4.52,-4.52,3.04650000000001
28/01/2026,13:34:15,-4.55,-4.55,3.053
28/01/2026,13:34:17,-4.59,-4.58,3.04650000000001
28/01/2026,13:34:19,-4.62,-4.62,3.04650000000001
28/01/2026,13:34:21,-4.66,-4.65,3.04000000000001
28/01/2026,13:34:23,-4.69,-4.69,3.053
28/01/2026,13:34:25,-4.73,-4.72,3.04650000000001
28/01/2026,13:34:27,-4.75,-4.75,3.053
28/01/2026,13:34:29,-4.78,-4.78,3.0595
28/01/2026,13:34:31,-4.8,-4.82,3.0595
28/01/2026,13:34:33,-4.85,-4.85,3.053
28/01/2026,13:34:35,-4.88,-4.89,3.053
28/01/2026,13:34:37,-4.92,-4.92,3.053
28/01/2026,13:34:39,-4.96,-4.95,3.04650000000001
28/01/2026,13:34:41,-5,-4.98,3.053
28/01/2026,13:34:43,-5.03,-5.02,3.0595
28/01/2026,13:34:45,-5.07,-5.05,3.053
28/01/2026,13:34:47,-5.1,-5.09,3.053
28/01/2026,13:34:49,-5.13,-5.12,3.053
28/01/2026,13:34:51,-5.17,-5.15,3.053
28/01/2026,13:34:53,-5.2,-5.18,3.053
28/01/2026,13:34:55,-5.23,-5.22,3.0595
28/01/2026,13:34:57,-5.26,-5.25,3.0595
28/01/2026,13:34:59,-5.28,-5.29,3.06599999999999
28/01/2026,13:35:01,-5.32,-5.32,3.06599999999999
28/01/2026,13:35:03,-5.35,-5.35,3.0595
28/01/2026,13:35:05,-5.38,-5.38,3.0595
28/01/2026,13:35:07,-5.43,-5.42,3.053
28/01/2026,13:35:09,-5.47,-5.45,3.053
28/01/2026,13:35:11,-5.51,-5.48,3.053
28/01/2026,13:35:13,-5.54,-5.52,3.0595
28/01/2026,13:35:15,-5.57,-5.55,3.06599999999999
28/01/2026,13:35:17,-5.59,-5.59,3.06599999999999
28/01/2026,13:35:19,-5.62,-5.62,3.06599999999999
28/01/2026,13:35:21,-5.66,-5.65,3.06599999999999
28/01/2026,13:35:23,-5.7,-5.68,3.0595
28/01/2026,13:35:25,-5.73,-5.72,3.0595
28/01/2026,13:35:27,-5.78,-5.75,3.053
28/01/2026,13:35:29,-5.81,-5.79,3.06599999999999
28/01/2026,13:35:31,-5.85,-5.82,3.0595
28/01/2026,13:35:33,-5.87,-5.85,3.07249999999999
28/01/2026,13:35:35,-5.9,-5.88,3.06599999999999
28/01/2026,13:35:37,-5.93,-5.92,3.06599999999999
28/01/2026,13:35:39,-5.96,-5.95,3.07249999999999
28/01/2026,13:35:41,-6,-5.99,3.06599999999999
28/01/2026,13:35:43,-6.04,-6.02,3.0595
28/01/2026,13:35:45,-6.07,-6.05,3.06599999999999
28/01/2026,13:35:47,-6.1,-6.08,3.07249999999999
28/01/2026,13:35:49,-6.13,-6.12,3.07249999999999
28/01/2026,13:35:51,-6.16,-6.15,3.07249999999999
28/01/2026,13:35:53,-6.2,-6.19,3.06599999999999
28/01/2026,13:35:55,-6.25,-6.22,3.0595
28/01/2026,13:35:57,-6.29,-6.25,3.0595
28/01/2026,13:35:59,-6.31,-6.28,3.07249999999999
28/01/2026,13:36:01,-6.34,-6.32,3.07249999999999
28/01/2026,13:36:03,-6.36,-6.35,3.07900000000005
28/01/2026,13:36:05,-6.39,-6.39,3.07900000000005
28/01/2026,13:36:07,-6.42,-6.42,3.07900000000005
28/01/2026,13:36:09,-6.45,-6.45,3.07900000000005
28/01/2026,13:36:11,-6.5,-6.49,3.06599999999999
28/01/2026,13:36:13,-6.54,-6.52,3.07249999999999
28/01/2026,13:36:15,-6.58,-6.55,3.06599999999999
28/01/2026,13:36:17,-6.61,-6.58,3.07249999999999
28/01/2026,13:36:19,-6.64,-6.62,3.07900000000005
28/01/2026,13:36:21,-6.66,-6.65,3.07900000000005
28/01/2026,13:36:23,-6.7,-6.69,3.08550000000005
28/01/2026,13:36:25,-6.73,-6.72,3.07900000000005
28/01/2026,13:36:27,-6.76,-6.75,3.07900000000005
28/01/2026,13:36:29,-6.79,-6.78,3.07900000000005
28/01/2026,13:36:31,-6.83,-6.82,3.07900000000005
28/01/2026,13:36:33,-6.86,-6.85,3.08550000000005
28/01/2026,13:36:35,-6.89,-6.89,3.08550000000005
28/01/2026,13:36:37,-6.93,-6.92,3.07900000000005
28/01/2026,13:36:39,-6.97,-6.95,3.07900000000005
28/01/2026,13:36:41,-7,-6.98,3.08550000000005
28/01/2026,13:36:43,-7.03,-7.02,3.08550000000005
28/01/2026,13:36:45,-7.06,-7.05,3.08550000000005
28/01/2026,13:36:47,-7.09,-7.09,3.08550000000005
28/01/2026,13:36:49,-7.13,-7.12,3.08550000000005
28/01/2026,13:36:51,-7.15,-7.15,3.09850000000004
28/01/2026,13:36:53,-7.18,-7.19,3.09850000000004
28/01/2026,13:36:55,-7.22,-7.22,3.08550000000005
28/01/2026,13:36:57,-7.26,-7.25,3.08550000000005
28/01/2026,13:36:59,-7.29,-7.29,3.08550000000005
28/01/2026,13:37:01,-7.33,-7.32,3.08550000000005
28/01/2026,13:37:03,-7.36,-7.35,3.08550000000005
28/01/2026,13:37:05,-7.39,-7.39,3.09850000000004
28/01/2026,13:37:07,-7.42,-7.42,3.09200000000004
28/01/2026,13:37:09,-7.46,-7.45,3.09200000000004
28/01/2026,13:37:11,-7.48,-7.49,3.09850000000004
28/01/2026,13:37:13,-7.52,-7.52,3.09850000000004
28/01/2026,13:37:15,-7.55,-7.55,3.09850000000004
28/01/2026,13:37:17,-7.59,-7.59,3.09200000000004
28/01/2026,13:37:19,-7.63,-7.62,3.09200000000004
28/01/2026,13:37:21,-7.67,-7.65,3.09200000000004
28/01/2026,13:37:23,-7.7,-7.68,3.09200000000004
28/01/2026,13:37:25,-7.73,-7.72,3.09200000000004
28/01/2026,13:37:27,-7.77,-7.75,3.09200000000004
28/01/2026,13:37:29,-7.81,-7.79,3.09200000000004
28/01/2026,13:37:31,-7.84,-7.82,3.09850000000004
28/01/2026,13:37:33,-7.86,-7.85,3.09850000000004
28/01/2026,13:37:35,-7.89,-7.88,3.09850000000004
28/01/2026,13:37:37,-7.92,-7.92,3.11150000000002
28/01/2026,13:37:39,-7.95,-7.95,3.10500000000003
28/01/2026,13:37:41,-7.98,-7.99,3.11150000000002
28/01/2026,13:37:43,-8.01,-8.02,3.11150000000002
28/01/2026,13:37:45,-8.05,-8.05,3.09850000000004
28/01/2026,13:37:47,-8.1,-8.09,3.09850000000004
28/01/2026,13:37:49,-8.13,-8.12,3.10500000000003
28/01/2026,13:37:51,-8.15,-8.15,3.11150000000002
28/01/2026,13:37:53,-8.18,-8.19,3.11800000000002
28/01/2026,13:37:55,-8.2,-8.22,3.11800000000002
28/01/2026,13:37:57,-8.24,-8.25,3.11150000000002
28/01/2026,13:37:59,-8.29,-8.29,3.10500000000003
28/01/2026,13:38:01,-8.33,-8.32,3.10500000000003
28/01/2026,13:38:03,-8.36,-8.35,3.10500000000003
28/01/2026,13:38:05,-8.4,-8.39,3.11150000000002
28/01/2026,13:38:07,-8.42,-8.42,3.11150000000002
28/01/2026,13:38:09,-8.45,-8.45,3.11800000000002
28/01/2026,13:38:11,-8.49,-8.49,3.11150000000002
28/01/2026,13:38:13,-8.52,-8.52,3.11150000000002
28/01/2026,13:38:15,-8.57,-8.55,3.09850000000004
28/01/2026,13:38:17,-8.61,-8.59,3.10500000000003
28/01/2026,13:38:19,-8.65,-8.62,3.10500000000003
28/01/2026,13:38:21,-8.68,-8.65,3.11150000000002
28/01/2026,13:38:23,-8.71,-8.69,3.11800000000002
28/01/2026,13:38:25,-8.74,-8.72,3.11150000000002
28/01/2026,13:38:27,-8.78,-8.75,3.10500000000003
28/01/2026,13:38:29,-8.81,-8.78,3.10500000000003
28/01/2026,13:38:31,-8.85,-8.82,3.11150000000002
28/01/2026,13:38:33,-8.88,-8.85,3.11150000000002
28/01/2026,13:38:35,-8.9,-8.89,3.11800000000002
28/01/2026,13:38:37,-8.93,-8.92,3.11800000000002
28/01/2026,13:38:39,-8.96,-8.95,3.12450000000001
28/01/2026,13:38:41,-9,-8.98,3.11150000000002
28/01/2026,13:38:43,-9.03,-9.02,3.11800000000002
28/01/2026,13:38:45,-9.08,-9.05,3.10500000000003
28/01/2026,13:38:47,-9.11,-9.09,3.11150000000002
28/01/2026,13:38:49,-9.14,-9.12,3.11800000000002
28/01/2026,13:38:51,-9.17,-9.15,3.11800000000002
28/01/2026,13:38:53,-9.2,-9.18,3.12450000000001
28/01/2026,13:38:55,-9.23,-9.22,3.12450000000001
28/01/2026,13:38:57,-9.27,-9.25,3.11150000000002
28/01/2026,13:38:59,-9.32,-9.29,3.10500000000003
28/01/2026,13:39:01,-9.37,-9.32,3.09850000000004
28/01/2026,13:39:03,-9.41,-9.35,3.09850000000004
28/01/2026,13:39:05,-9.44,-9.39,3.11150000000002
28/01/2026,13:39:07,-9.47,-9.42,3.11150000000002
28/01/2026,13:39:09,-9.49,-9.45,3.11800000000002
28/01/2026,13:39:11,-9.53,-9.49,3.11800000000002
28/01/2026,13:39:13,-9.56,-9.52,3.11150000000002
28/01/2026,13:39:15,-9.61,-9.55,3.10500000000003
28/01/2026,13:39:17,-9.65,-9.59,3.09850000000004
28/01/2026,13:39:19,-9.68,-9.62,3.11150000000002
28/01/2026,13:39:21,-9.7,-9.65,3.11800000000002
28/01/2026,13:39:23,-9.72,-9.69,3.11800000000002
28/01/2026,13:39:25,-9.74,-9.72,3.12450000000001
28/01/2026,13:39:27,-9.77,-9.75,3.12450000000001
28/01/2026,13:39:29,-9.82,-9.79,3.11150000000002
28/01/2026,13:39:31,-9.86,-9.82,3.11150000000002
28/01/2026,13:39:33,-9.89,-9.85,3.11150000000002
28/01/2026,13:39:35,-9.93,-9.88,3.11150000000002
28/01/2026,13:39:37,-9.96,-9.92,3.11150000000002
28/01/2026,13:39:39,-9.99,-9.95,3.12450000000001
28/01/2026,13:39:41,-10.01,-9.99,3.12450000000001
28/01/2026,13:39:43,-10.03,-10.02,3.13100000000001
28/01/2026,13:39:45,-10.04,-10.05,3.14399999999999
28/01/2026,13:39:47,-10.06,-10.08,3.14399999999999
28/01/2026,13:39:49,-10.1,-10.12,3.1375
28/01/2026,13:39:51,-10.15,-10.15,3.12450000000001
28/01/2026,13:39:53,-10.19,-10.19,3.11800000000002
28/01/2026,13:39:55,-10.23,-10.22,3.12450000000001
28/01/2026,13:39:57,-10.26,-10.25,3.13100000000001
28/01/2026,13:39:59,-10.27,-10.29,3.14399999999999
28/01/2026,13:40:01,-10.28,-10.32,3.16350000000005
28/01/2026,13:40:03,-10.29,-10.35,3.16350000000005
28/01/2026,13:40:05,-10.32,-10.39,3.16350000000005
28/01/2026,13:40:07,-10.36,-10.42,3.15049999999999
28/01/2026,13:40:09,-10.4,-10.45,3.14399999999999
28/01/2026,13:40:11,-10.45,-10.49,3.14399999999999
28/01/2026,13:40:13,-10.48,-10.52,3.15049999999999
28/01/2026,13:40:15,-10.51,-10.55,3.15700000000006
28/01/2026,13:40:17,-10.54,-10.59,3.15700000000006
28/01/2026,13:40:19,-10.58,-10.62,3.15700000000006
28/01/2026,13:40:21,-10.62,-10.65,3.15049999999999
28/01/2026,13:40:23,-10.67,-10.69,3.14399999999999
28/01/2026,13:40:25,-10.7,-10.72,3.15049999999999
28/01/2026,13:40:27,-10.72,-10.75,3.16350000000005
28/01/2026,13:40:29,-10.74,-10.79,3.17000000000004
28/01/2026,13:40:31,-10.78,-10.82,3.16350000000005
28/01/2026,13:40:33,-10.82,-10.85,3.15700000000006
28/01/2026,13:40:35,-10.88,-10.89,3.14399999999999
28/01/2026,13:40:37,-10.94,-10.92,3.1375
28/01/2026,13:40:39,-10.99,-10.95,3.1375
28/01/2026,13:40:41,-11.04,-10.98,3.13100000000001
28/01/2026,13:40:43,-11.08,-11.02,3.13100000000001
28/01/2026,13:40:45,-11.11,-11.05,3.1375
28/01/2026,13:40:47,-11.15,-11.09,3.1375
28/01/2026,13:40:49,-11.16,-11.12,3.15049999999999
28/01/2026,13:40:51,-11.2,-11.15,3.14399999999999
28/01/2026,13:40:53,-11.22,-11.18,3.15049999999999
28/01/2026,13:40:55,-11.25,-11.22,3.15049999999999
28/01/2026,13:40:57,-11.29,-11.25,3.14399999999999
28/01/2026,13:40:59,-11.34,-11.29,3.13100000000001
28/01/2026,13:41:01,-11.37,-11.32,3.1375
28/01/2026,13:41:03,-11.4,-11.35,3.14399999999999
28/01/2026,13:41:05,-11.43,-11.39,3.15049999999999
28/01/2026,13:41:07,-11.45,-11.42,3.15049999999999
28/01/2026,13:41:09,-11.47,-11.45,3.15700000000006
28/01/2026,13:41:11,-11.5,-11.49,3.15700000000006
28/01/2026,13:41:13,-11.54,-11.52,3.15049999999999
28/01/2026,13:41:15,-11.56,-11.55,3.15700000000006
28/01/2026,13:41:17,-11.6,-11.59,3.15049999999999
28/01/2026,13:41:19,-11.65,-11.62,3.14399999999999
28/01/2026,13:41:21,-11.69,-11.65,3.14399999999999
28/01/2026,13:41:23,-11.71,-11.69,3.15700000000006
28/01/2026,13:41:25,-11.73,-11.72,3.15700000000006
28/01/2026,13:41:27,-11.76,-11.75,3.16350000000005
28/01/2026,13:41:29,-11.79,-11.79,3.15700000000006
28/01/2026,13:41:31,-11.84,-11.82,3.15049999999999
28/01/2026,13:41:33,-11.88,-11.85,3.14399999999999
28/01/2026,13:41:35,-11.93,-11.89,3.1375
28/01/2026,13:41:37,-11.96,-11.92,3.15049999999999
28/01/2026,13:41:39,-12,-11.95,3.15049999999999
28/01/2026,13:41:41,-12.04,-11.99,3.14399999999999
28/01/2026,13:41:43,-12.08,-12.02,3.1375
28/01/2026,13:41:45,-12.11,-12.05,3.14399999999999
28/01/2026,13:41:47,-12.15,-12.08,3.1375
28/01/2026,13:41:49,-12.18,-12.12,3.15049999999999
28/01/2026,13:41:51,-12.21,-12.15,3.15049999999999
28/01/2026,13:41:53,-12.24,-12.19,3.15049999999999
28/01/2026,13:41:55,-12.26,-12.22,3.15700000000006
28/01/2026,13:41:57,-12.29,-12.25,3.15049999999999
28/01/2026,13:41:59,-12.33,-12.29,3.14399999999999
28/01/2026,13:42:01,-12.37,-12.32,3.14399999999999
28/01/2026,13:42:03,-12.41,-12.35,3.14399999999999
28/01/2026,13:42:05,-12.44,-12.39,3.15049999999999
28/01/2026,13:42:07,-12.47,-12.42,3.15049999999999
28/01/2026,13:42:09,-12.5,-12.45,3.15700000000006
28/01/2026,13:42:11,-12.54,-12.49,3.14399999999999
28/01/2026,13:42:13,-12.56,-12.52,3.15700000000006
28/01/2026,13:42:15,-12.6,-12.55,3.15049999999999
28/01/2026,13:42:17,-12.63,-12.59,3.15049999999999
28/01/2026,13:42:19,-12.67,-12.62,3.1375
28/01/2026,13:42:21,-12.71,-12.65,3.15049999999999
28/01/2026,13:42:23,-12.75,-12.69,3.14399999999999
28/01/2026,13:42:25,-12.78,-12.72,3.14399999999999
28/01/2026,13:42:27,-12.81,-12.75,3.15049999999999
28/01/2026,13:42:29,-12.82,-12.79,3.16350000000005
28/01/2026,13:42:31,-12.84,-12.82,3.17000000000004
28/01/2026,13:42:33,-12.86,-12.85,3.17000000000004
28/01/2026,13:42:35,-12.89,-12.89,3.16350000000005
28/01/2026,13:42:37,-12.93,-12.92,3.15700000000006
28/01/2026,13:42:39,-12.97,-12.95,3.15700000000006
28/01/2026,13:42:41,-13.01,-12.99,3.15700000000006
28/01/2026,13:42:43,-13.05,-13.02,3.15700000000006
28/01/2026,13:42:45,-13.08,-13.05,3.15700000000006
28/01/2026,13:42:47,-13.11,-13.09,3.16350000000005
28/01/2026,13:42:49,-13.15,-13.12,3.15700000000006
28/01/2026,13:42:51,-13.18,-13.15,3.15700000000006
28/01/2026,13:42:53,-13.22,-13.18,3.15049999999999
28/01/2026,13:42:55,-13.27,-13.22,3.14399999999999
28/01/2026,13:42:57,-13.31,-13.25,3.14399999999999
28/01/2026,13:42:59,-13.35,-13.29,3.14399999999999
28/01/2026,13:43:01,-13.38,-13.32,3.15049999999999
28/01/2026,13:43:03,-13.41,-13.35,3.15049999999999
28/01/2026,13:43:05,-13.45,-13.39,3.15049999999999
28/01/2026,13:43:07,-13.47,-13.42,3.15700000000006
28/01/2026,13:43:09,-13.5,-13.45,3.15700000000006
28/01/2026,13:43:11,-13.53,-13.49,3.15700000000006
28/01/2026,13:43:13,-13.56,-13.52,3.15700000000006
28/01/2026,13:43:15,-13.6,-13.55,3.15049999999999
28/01/2026,13:43:17,-13.63,-13.59,3.15700000000006
28/01/2026,13:43:19,-13.66,-13.62,3.15700000000006
28/01/2026,13:43:21,-13.69,-13.65,3.15700000000006
28/01/2026,13:43:23,-13.72,-13.69,3.15700000000006
28/01/2026,13:43:25,-13.75,-13.72,3.15700000000006
28/01/2026,13:43:27,-13.78,-13.75,3.16350000000005
28/01/2026,13:43:29,-13.81,-13.79,3.16350000000005
28/01/2026,13:43:31,-13.83,-13.82,3.17000000000004
28/01/2026,13:43:33,-13.86,-13.85,3.17000000000004
28/01/2026,13:43:35,-13.91,-13.89,3.15700000000006
28/01/2026,13:43:37,-13.93,-13.92,3.17000000000004
28/01/2026,13:43:39,-13.97,-13.95,3.16350000000005
28/01/2026,13:43:41,-14.01,-13.99,3.16350000000005
28/01/2026,13:43:43,-14.05,-14.02,3.15700000000006
28/01/2026,13:43:45,-14.09,-14.05,3.15700000000006
28/01/2026,13:43:47,-14.12,-14.09,3.16350000000005
28/01/2026,13:43:49,-14.16,-14.12,3.15700000000006
28/01/2026,13:43:51,-14.19,-14.15,3.16350000000005
28/01/2026,13:43:53,-14.22,-14.19,3.16350000000005
28/01/2026,13:43:55,-14.27,-14.22,3.15700000000006
28/01/2026,13:43:57,-14.3,-14.25,3.15700000000006
28/01/2026,13:43:59,-14.32,-14.28,3.17000000000004
28/01/2026,13:44:01,-14.34,-14.32,3.17650000000004
28/01/2026,13:44:03,-14.36,-14.35,3.17650000000004
28/01/2026,13:44:05,-14.38,-14.39,3.18950000000003
28/01/2026,13:44:07,-14.41,-14.42,3.17650000000004
28/01/2026,13:44:09,-14.45,-14.45,3.17650000000004
28/01/2026,13:44:11,-14.49,-14.49,3.17000000000004
28/01/2026,13:44:13,-14.52,-14.52,3.17650000000004
28/01/2026,13:44:15,-14.56,-14.55,3.17650000000004
28/01/2026,13:44:17,-14.6,-14.59,3.16350000000005
28/01/2026,13:44:19,-14.64,-14.62,3.17000000000004
28/01/2026,13:44:21,-14.67,-14.65,3.17650000000004
28/01/2026,13:44:23,-14.71,-14.69,3.16350000000005
28/01/2026,13:44:25,-14.76,-14.72,3.16350000000005
28/01/2026,13:44:27,-14.79,-14.75,3.17000000000004
28/01/2026,13:44:29,-14.82,-14.79,3.17650000000004
28/01/2026,13:44:31,-14.85,-14.82,3.17000000000004
28/01/2026,13:44:33,-14.88,-14.85,3.17000000000004
28/01/2026,13:44:35,-14.91,-14.89,3.17000000000004
28/01/2026,13:44:37,-14.94,-14.92,3.18300000000003
28/01/2026,13:44:39,-14.97,-14.95,3.18300000000003
28/01/2026,13:44:41,-15,-14.99,3.17650000000004
28/01/2026,13:44:43,-15.03,-15.02,3.18300000000003
28/01/2026,13:44:45,-15.06,-15.05,3.18300000000003
28/01/2026,13:44:47,-15.09,-15.09,3.17650000000004
28/01/2026,13:44:49,-15.12,-15.12,3.18950000000003
28/01/2026,13:44:51,-15.16,-15.15,3.18300000000003
28/01/2026,13:44:53,-15.19,-15.19,3.18300000000003
28/01/2026,13:44:55,-15.23,-15.22,3.18300000000003
28/01/2026,13:44:57,-15.26,-15.25,3.18300000000003
28/01/2026,13:44:59,-15.28,-15.29,3.18950000000003
28/01/2026,13:45:01,-15.32,-15.32,3.18950000000003
28/01/2026,13:45:03,-15.35,-15.35,3.18950000000003
28/01/2026,13:45:05,-15.39,-15.38,3.18300000000003
28/01/2026,13:45:07,-15.44,-15.42,3.17650000000004
28/01/2026,13:45:09,-15.47,-15.45,3.18300000000003
28/01/2026,13:45:11,-15.51,-15.49,3.17650000000004
28/01/2026,13:45:13,-15.54,-15.52,3.18300000000003
28/01/2026,13:45:15,-15.58,-15.55,3.18300000000003
28/01/2026,13:45:17,-15.61,-15.59,3.18950000000003
28/01/2026,13:45:19,-15.64,-15.62,3.18950000000003
28/01/2026,13:45:21,-15.66,-15.65,3.18950000000003
28/01/2026,13:45:23,-15.7,-15.69,3.18950000000003
28/01/2026,13:45:25,-15.73,-15.72,3.18950000000003
28/01/2026,13:45:27,-15.78,-15.75,3.18300000000003
28/01/2026,13:45:29,-15.81,-15.79,3.18300000000003
28/01/2026,13:45:31,-15.85,-15.82,3.18950000000003
28/01/2026,13:45:33,-15.88,-15.85,3.18300000000003
28/01/2026,13:45:35,-15.92,-15.89,3.18300000000003
28/01/2026,13:45:37,-15.95,-15.92,3.18300000000003
28/01/2026,13:45:39,-15.99,-15.95,3.18950000000003
28/01/2026,13:45:41,-16.01,-15.99,3.18950000000003
28/01/2026,13:45:43,-16.04,-16.02,3.19600000000002
28/01/2026,13:45:45,-16.07,-16.05,3.19600000000002
28/01/2026,13:45:47,-16.1,-16.09,3.20250000000001
28/01/2026,13:45:49,-16.13,-16.12,3.19600000000002
28/01/2026,13:45:51,-16.18,-16.15,3.18300000000003
28/01/2026,13:45:53,-16.21,-16.19,3.18950000000003
28/01/2026,13:45:55,-16.25,-16.22,3.18950000000003
28/01/2026,13:45:57,-16.29,-16.25,3.18300000000003
28/01/2026,13:45:59,-16.34,-16.29,3.17650000000004
28/01/2026,13:46:01,-16.37,-16.32,3.18300000000003
28/01/2026,13:46:03,-16.4,-16.35,3.18300000000003
28/01/2026,13:46:05,-16.43,-16.39,3.18950000000003
28/01/2026,13:46:07,-16.46,-16.42,3.18950000000003
28/01/2026,13:46:09,-16.5,-16.45,3.18300000000003
28/01/2026,13:46:11,-16.53,-16.48,3.18300000000003
28/01/2026,13:46:13,-16.57,-16.52,3.18950000000003
28/01/2026,13:46:15,-16.59,-16.55,3.19600000000002
28/01/2026,13:46:17,-16.61,-16.59,3.20250000000001
28/01/2026,13:46:19,-16.63,-16.62,3.20250000000001
28/01/2026,13:46:21,-16.66,-16.65,3.20900000000001
28/01/2026,13:46:23,-16.68,-16.69,3.20900000000001
28/01/2026,13:46:25,-16.72,-16.72,3.20250000000001
28/01/2026,13:46:27,-16.76,-16.75,3.19600000000002
28/01/2026,13:46:29,-16.79,-16.79,3.19600000000002
28/01/2026,13:46:31,-16.82,-16.82,3.20900000000001
28/01/2026,13:46:33,-16.85,-16.85,3.20250000000001
28/01/2026,13:46:35,-16.89,-16.89,3.20250000000001
28/01/2026,13:46:37,-16.93,-16.92,3.20250000000001
28/01/2026,13:46:39,-16.98,-16.95,3.18300000000003
28/01/2026,13:46:41,-17.02,-16.99,3.18950000000003
28/01/2026,13:46:43,-17.07,-17.02,3.18950000000003
28/01/2026,13:46:45,-17.09,-17.05,3.19600000000002
28/01/2026,13:46:47,-17.12,-17.09,3.20250000000001
28/01/2026,13:46:49,-17.14,-17.12,3.20900000000001
28/01/2026,13:46:51,-17.17,-17.15,3.20250000000001
28/01/2026,13:46:53,-17.19,-17.19,3.2155
28/01/2026,13:46:55,-17.23,-17.22,3.20900000000001
28/01/2026,13:46:57,-17.27,-17.25,3.20250000000001
28/01/2026,13:46:59,-17.3,-17.29,3.20250000000001
28/01/2026,13:47:01,-17.34,-17.32,3.20250000000001
28/01/2026,13:47:03,-17.38,-17.35,3.20250000000001
28/01/2026,13:47:05,-17.4,-17.39,3.20900000000001
28/01/2026,13:47:07,-17.44,-17.42,3.20900000000001
28/01/2026,13:47:09,-17.47,-17.45,3.20900000000001
28/01/2026,13:47:11,-17.5,-17.49,3.2155
28/01/2026,13:47:13,-17.54,-17.52,3.20900000000001
28/01/2026,13:47:15,-17.57,-17.55,3.20250000000001
28/01/2026,13:47:17,-17.61,-17.59,3.20900000000001
28/01/2026,13:47:19,-17.65,-17.62,3.20250000000001
28/01/2026,13:47:21,-17.69,-17.65,3.20250000000001
28/01/2026,13:47:23,-17.73,-17.69,3.19600000000002
28/01/2026,13:47:25,-17.76,-17.72,3.20250000000001
28/01/2026,13:47:27,-17.79,-17.75,3.20250000000001
28/01/2026,13:47:29,-17.84,-17.79,3.19600000000002
28/01/2026,13:47:31,-17.86,-17.82,3.20900000000001
28/01/2026,13:47:33,-17.9,-17.85,3.20250000000001
28/01/2026,13:47:35,-17.93,-17.89,3.20250000000001
28/01/2026,13:47:37,-17.96,-17.92,3.20900000000001
28/01/2026,13:47:39,-17.99,-17.95,3.20250000000001
28/01/2026,13:47:41,-18.02,-17.99,3.20900000000001
28/01/2026,13:47:43,-18.06,-18.02,3.20900000000001
28/01/2026,13:47:45,-18.1,-18.05,3.20250000000001
28/01/2026,13:47:47,-18.13,-18.09,3.20250000000001
28/01/2026,13:47:49,-18.17,-18.12,3.20250000000001
28/01/2026,13:47:51,-18.2,-18.15,3.20900000000001
28/01/2026,13:47:53,-18.22,-18.19,3.2155
28/01/2026,13:47:55,-18.25,-18.22,3.20900000000001
28/01/2026,13:47:57,-18.28,-18.25,3.20900000000001
28/01/2026,13:47:59,-18.32,-18.29,3.20900000000001
28/01/2026,13:48:01,-18.35,-18.32,3.20900000000001
28/01/2026,13:48:03,-18.38,-18.35,3.2155
28/01/2026,13:48:05,-18.41,-18.39,3.2155
28/01/2026,13:48:07,-18.45,-18.42,3.20900000000001
28/01/2026,13:48:09,-18.49,-18.45,3.20900000000001
28/01/2026,13:48:11,-18.52,-18.49,3.20900000000001
28/01/2026,13:48:13,-18.54,-18.52,3.2155
28/01/2026,13:48:15,-18.58,-18.55,3.2155
28/01/2026,13:48:17,-18.6,-18.59,3.222
28/01/2026,13:48:19,-18.64,-18.62,3.2155
28/01/2026,13:48:21,-18.67,-18.65,3.2155
28/01/2026,13:48:23,-18.71,-18.69,3.20900000000001
28/01/2026,13:48:25,-18.75,-18.72,3.20900000000001
28/01/2026,13:48:27,-18.79,-18.75,3.2155
28/01/2026,13:48:29,-18.81,-18.79,3.2155
28/01/2026,13:48:31,-18.84,-18.82,3.222
28/01/2026,13:48:33,-18.88,-18.85,3.2155
28/01/2026,13:48:35,-18.91,-18.89,3.2155
28/01/2026,13:48:37,-18.95,-18.92,3.2155
28/01/2026,13:48:39,-18.98,-18.95,3.2155
28/01/2026,13:48:41,-19.02,-18.99,3.20900000000001
28/01/2026,13:48:43,-19.06,-19.02,3.20900000000001
28/01/2026,13:48:45,-19.09,-19.05,3.20900000000001
28/01/2026,13:48:47,-19.12,-19.09,3.20900000000001
28/01/2026,13:48:49,-19.15,-19.12,3.222
28/01/2026,13:48:51,-19.18,-19.15,3.2155
28/01/2026,13:48:53,-19.21,-19.19,3.222
28/01/2026,13:48:55,-19.24,-19.22,3.222
28/01/2026,13:48:57,-19.27,-19.25,3.222
28/01/2026,13:48:59,-19.31,-19.29,3.2155
28/01/2026,13:49:01,-19.34,-19.32,3.222
28/01/2026,13:49:03,-19.37,-19.35,3.22849999999999
28/01/2026,13:49:05,-19.4,-19.39,3.22849999999999
28/01/2026,13:49:07,-19.43,-19.42,3.222
28/01/2026,13:49:09,-19.46,-19.45,3.23499999999999
28/01/2026,13:49:11,-19.49,-19.49,3.23499999999999
28/01/2026,13:49:13,-19.51,-19.52,3.23499999999999
28/01/2026,13:49:15,-19.56,-19.55,3.22849999999999
28/01/2026,13:49:17,-19.59,-19.59,3.22849999999999
28/01/2026,13:49:19,-19.63,-19.62,3.222
28/01/2026,13:49:21,-19.66,-19.65,3.23499999999999
28/01/2026,13:49:23,-19.7,-19.69,3.22849999999999
28/01/2026,13:49:25,-19.73,-19.72,3.23499999999999
28/01/2026,13:49:27,-19.76,-19.75,3.23499999999999
28/01/2026,13:49:29,-19.78,-19.79,3.24150000000005
28/01/2026,13:49:31,-19.82,-19.82,3.24150000000005
28/01/2026,13:49:33,-19.85,-19.85,3.23499999999999
28/01/2026,13:49:35,-19.9,-19.89,3.222
28/01/2026,13:49:37,-19.94,-19.92,3.222
28/01/2026,13:49:39,-19.99,-19.95,3.222
28/01/2026,13:49:41,-20.03,-19.99,3.222
28/01/2026,13:49:43,-20.07,-20.02,3.222
28/01/2026,13:49:45,-20.08,-20.05,3.23499999999999
28/01/2026,13:49:47,-20.1,-20.09,3.24150000000005
28/01/2026,13:49:49,-20.13,-20.12,3.24150000000005
28/01/2026,13:49:51,-20.18,-20.15,3.22849999999999
28/01/2026,13:49:53,-20.21,-20.19,3.22849999999999
28/01/2026,13:49:55,-20.25,-20.22,3.23499999999999
28/01/2026,13:49:57,-20.28,-20.25,3.22849999999999
28/01/2026,13:49:59,-20.31,-20.29,3.23499999999999
28/01/2026,13:50:01,-20.33,-20.32,3.24800000000005
28/01/2026,13:50:03,-20.35,-20.35,3.25450000000004
28/01/2026,13:50:05,-20.38,-20.39,3.24800000000005
28/01/2026,13:50:07,-20.4,-20.42,3.25450000000004
28/01/2026,13:50:09,-20.45,-20.45,3.23499999999999
28/01/2026,13:50:11,-20.5,-20.49,3.23499999999999
28/01/2026,13:50:13,-20.54,-20.52,3.23499999999999
28/01/2026,13:50:15,-20.58,-20.55,3.22849999999999
28/01/2026,13:50:17,-20.62,-20.59,3.23499999999999
28/01/2026,13:50:19,-20.65,-20.62,3.23499999999999
28/01/2026,13:50:21,-20.7,-20.65,3.23499999999999
28/01/2026,13:50:23,-20.73,-20.69,3.23499999999999
28/01/2026,13:50:25,-20.76,-20.72,3.23499999999999
28/01/2026,13:50:27,-20.78,-20.75,3.24150000000005
28/01/2026,13:50:29,-20.81,-20.79,3.24150000000005
28/01/2026,13:50:31,-20.86,-20.82,3.23499999999999
28/01/2026,13:50:33,-20.9,-20.85,3.22849999999999
28/01/2026,13:50:35,-20.94,-20.89,3.22849999999999
28/01/2026,13:50:37,-20.97,-20.92,3.23499999999999
28/01/2026,13:50:39,-20.99,-20.95,3.24150000000005
28/01/2026,13:50:41,-21.02,-20.99,3.24150000000005
28/01/2026,13:50:43,-21.06,-21.02,3.23499999999999
28/01/2026,13:50:45,-21.09,-21.05,3.23499999999999
28/01/2026,13:50:47,-21.13,-21.09,3.23499999999999
28/01/2026,13:50:49,-21.17,-21.12,3.23499999999999
28/01/2026,13:50:51,-21.21,-21.15,3.22849999999999
28/01/2026,13:50:53,-21.24,-21.19,3.23499999999999
28/01/2026,13:50:55,-21.27,-21.22,3.24150000000005
28/01/2026,13:50:57,-21.29,-21.25,3.24150000000005
28/01/2026,13:50:59,-21.33,-21.29,3.23499999999999
28/01/2026,13:51:01,-21.35,-21.32,3.24800000000005
28/01/2026,13:51:03,-21.38,-21.35,3.24800000000005
28/01/2026,13:51:05,-21.4,-21.39,3.25450000000004
28/01/2026,13:51:07,-21.43,-21.42,3.24800000000005
28/01/2026,13:51:09,-21.47,-21.45,3.24150000000005
28/01/2026,13:51:11,-21.51,-21.49,3.24150000000005
28/01/2026,13:51:13,-21.54,-21.52,3.24150000000005
28/01/2026,13:51:15,-21.59,-21.55,3.23499999999999
28/01/2026,13:51:17,-21.62,-21.59,3.24150000000005
28/01/2026,13:51:19,-21.65,-21.62,3.24800000000005
28/01/2026,13:51:21,-21.67,-21.65,3.25450000000004
28/01/2026,13:51:23,-21.7,-21.69,3.25450000000004
28/01/2026,13:51:25,-21.73,-21.72,3.24800000000005
28/01/2026,13:51:27,-21.77,-21.75,3.24150000000005
28/01/2026,13:51:29,-21.82,-21.79,3.24150000000005
28/01/2026,13:51:31,-21.86,-21.82,3.24150000000005
28/01/2026,13:51:33,-21.89,-21.85,3.24800000000005
28/01/2026,13:51:35,-21.92,-21.89,3.24150000000005
28/01/2026,13:51:37,-21.96,-21.92,3.24150000000005
28/01/2026,13:51:39,-21.99,-21.95,3.24150000000005
28/01/2026,13:51:41,-22.02,-21.99,3.24800000000005
28/01/2026,13:51:43,-22.04,-22.02,3.25450000000004
28/01/2026,13:51:45,-22.06,-22.05,3.26100000000004
28/01/2026,13:51:47,-22.08,-22.09,3.26750000000003
28/01/2026,13:51:49,-22.12,-22.12,3.25450000000004
28/01/2026,13:51:51,-22.16,-22.15,3.25450000000004
28/01/2026,13:51:53,-22.2,-22.19,3.24800000000005
28/01/2026,13:51:55,-22.24,-22.22,3.24800000000005
28/01/2026,13:51:57,-22.27,-22.25,3.24800000000005
28/01/2026,13:51:59,-22.3,-22.29,3.26100000000004
28/01/2026,13:52:01,-22.32,-22.32,3.26750000000003
28/01/2026,13:52:03,-22.34,-22.35,3.26750000000003
28/01/2026,13:52:05,-22.38,-22.39,3.26100000000004
28/01/2026,13:52:07,-22.43,-22.42,3.25450000000004
28/01/2026,13:52:09,-22.47,-22.45,3.24800000000005
28/01/2026,13:52:11,-22.52,-22.49,3.24150000000005
28/01/2026,13:52:13,-22.56,-22.52,3.24800000000005
28/01/2026,13:52:15,-22.6,-22.55,3.24800000000005
28/01/2026,13:52:17,-22.63,-22.59,3.25450000000004
28/01/2026,13:52:19,-22.66,-22.62,3.26100000000004
28/01/2026,13:52:21,-22.69,-22.65,3.25450000000004
28/01/2026,13:52:23,-22.71,-22.69,3.26750000000003
28/01/2026,13:52:25,-22.74,-22.72,3.25450000000004
28/01/2026,13:52:27,-22.77,-22.75,3.26100000000004
28/01/2026,13:52:29,-22.81,-22.79,3.25450000000004
28/01/2026,13:52:31,-22.86,-22.82,3.24800000000005
28/01/2026,13:52:33,-22.91,-22.85,3.24150000000005
28/01/2026,13:52:35,-22.95,-22.89,3.24150000000005
28/01/2026,13:52:37,-22.98,-22.92,3.24150000000005
28/01/2026,13:52:39,-23.02,-22.95,3.24800000000005
28/01/2026,13:52:41,-23.05,-22.99,3.25450000000004
28/01/2026,13:52:43,-23.08,-23.02,3.24800000000005
28/01/2026,13:52:45,-23.1,-23.05,3.25450000000004
28/01/2026,13:52:47,-23.13,-23.09,3.26100000000004
28/01/2026,13:52:49,-23.15,-23.12,3.26100000000004
28/01/2026,13:52:51,-23.18,-23.15,3.26750000000003
28/01/2026,13:52:53,-23.2,-23.19,3.26100000000004
28/01/2026,13:52:55,-23.24,-23.22,3.26100000000004
28/01/2026,13:52:57,-23.29,-23.25,3.24800000000005
28/01/2026,13:52:59,-23.33,-23.29,3.24800000000005
28/01/2026,13:53:01,-23.36,-23.32,3.26100000000004
28/01/2026,13:53:03,-23.38,-23.35,3.26100000000004
28/01/2026,13:53:05,-23.41,-23.39,3.26750000000003
28/01/2026,13:53:07,-23.44,-23.42,3.26100000000004
28/01/2026,13:53:09,-23.47,-23.45,3.26100000000004
28/01/2026,13:53:11,-23.51,-23.49,3.26100000000004
28/01/2026,13:53:13,-23.54,-23.52,3.26100000000004
28/01/2026,13:53:15,-23.57,-23.55,3.26750000000003
28/01/2026,13:53:17,-23.6,-23.59,3.26750000000003
28/01/2026,13:53:19,-23.63,-23.62,3.27400000000002
28/01/2026,13:53:21,-23.66,-23.65,3.26750000000003
28/01/2026,13:53:23,-23.69,-23.69,3.27400000000002
28/01/2026,13:53:25,-23.72,-23.72,3.27400000000002
28/01/2026,13:53:27,-23.75,-23.75,3.27400000000002
28/01/2026,13:53:29,-23.79,-23.79,3.27400000000002
28/01/2026,13:53:31,-23.82,-23.82,3.27400000000002
28/01/2026,13:53:33,-23.86,-23.85,3.26750000000003
28/01/2026,13:53:35,-23.9,-23.89,3.26750000000003
28/01/2026,13:53:37,-23.94,-23.92,3.27400000000002
28/01/2026,13:53:39,-23.96,-23.95,3.28050000000002
28/01/2026,13:53:41,-23.99,-23.99,3.27400000000002
28/01/2026,13:53:43,-24.03,-24.02,3.26750000000003
28/01/2026,13:53:45,-24.08,-24.05,3.26100000000004
28/01/2026,13:53:47,-24.11,-24.09,3.26750000000003
28/01/2026,13:53:49,-24.15,-24.12,3.26750000000003
28/01/2026,13:53:51,-24.18,-24.15,3.26750000000003
28/01/2026,13:53:53,-24.21,-24.19,3.27400000000002
28/01/2026,13:53:55,-24.25,-24.22,3.27400000000002
28/01/2026,13:53:57,-24.28,-24.25,3.26750000000003
28/01/2026,13:53:59,-24.33,-24.29,3.26100000000004
28/01/2026,13:54:01,-24.37,-24.32,3.26100000000004
28/01/2026,13:54:03,-24.41,-24.35,3.25450000000004
28/01/2026,13:54:05,-24.45,-24.39,3.25450000000004
28/01/2026,13:54:07,-24.48,-24.42,3.26750000000003
28/01/2026,13:54:09,-24.5,-24.45,3.27400000000002
28/01/2026,13:54:11,-24.53,-24.49,3.27400000000002
28/01/2026,13:54:13,-24.56,-24.52,3.27400000000002
28/01/2026,13:54:15,-24.58,-24.55,3.28050000000002
28/01/2026,13:54:17,-24.62,-24.59,3.27400000000002
28/01/2026,13:54:19,-24.65,-24.62,3.27400000000002
28/01/2026,13:54:21,-24.68,-24.65,3.27400000000002
28/01/2026,13:54:23,-24.72,-24.69,3.27400000000002
28/01/2026,13:54:25,-24.75,-24.72,3.28050000000002
28/01/2026,13:54:27,-24.78,-24.75,3.27400000000002
28/01/2026,13:54:29,-24.82,-24.79,3.27400000000002
28/01/2026,13:54:31,-24.86,-24.82,3.26100000000004
28/01/2026,13:54:33,-24.9,-24.85,3.26750000000003
28/01/2026,13:54:35,-24.93,-24.89,3.27400000000002
28/01/2026,13:54:37,-24.97,-24.92,3.26750000000003
28/01/2026,13:54:39,-25,-24.95,3.26750000000003
28/01/2026,13:54:41,-25.04,-24.99,3.26750000000003
28/01/2026,13:54:43,-25.05,-25.02,3.28050000000002
28/01/2026,13:54:45,-25.08,-25.05,3.28700000000001
28/01/2026,13:54:47,-25.1,-25.09,3.28700000000001
28/01/2026,13:54:49,-25.14,-25.12,3.28050000000002
28/01/2026,13:54:51,-25.18,-25.15,3.26750000000003
28/01/2026,13:54:53,-25.22,-25.19,3.26750000000003
28/01/2026,13:54:55,-25.26,-25.22,3.27400000000002
28/01/2026,13:54:57,-25.29,-25.25,3.27400000000002
28/01/2026,13:54:59,-25.32,-25.29,3.27400000000002
28/01/2026,13:55:01,-25.35,-25.32,3.28050000000002
28/01/2026,13:55:03,-25.38,-25.35,3.28050000000002
28/01/2026,13:55:05,-25.41,-25.39,3.28050000000002
28/01/2026,13:55:07,-25.45,-25.42,3.27400000000002
28/01/2026,13:55:09,-25.49,-25.45,3.27400000000002
28/01/2026,13:55:11,-25.52,-25.49,3.28050000000002
28/01/2026,13:55:13,-25.54,-25.52,3.29350000000001
28/01/2026,13:55:15,-25.57,-25.55,3.28700000000001
28/01/2026,13:55:17,-25.6,-25.59,3.28700000000001
28/01/2026,13:55:19,-25.63,-25.62,3.28700000000001
28/01/2026,13:55:21,-25.67,-25.65,3.28050000000002
28/01/2026,13:55:23,-25.71,-25.69,3.27400000000002
28/01/2026,13:55:25,-25.75,-25.72,3.27400000000002
28/01/2026,13:55:27,-25.79,-25.75,3.28050000000002
28/01/2026,13:55:29,-25.82,-25.79,3.28700000000001
28/01/2026,13:55:31,-25.84,-25.82,3.28700000000001
28/01/2026,13:55:33,-25.87,-25.85,3.28700000000001
28/01/2026,13:55:35,-25.9,-25.89,3.28700000000001
28/01/2026,13:55:37,-25.94,-25.92,3.28050000000002
28/01/2026,13:55:39,-25.99,-25.95,3.26750000000003
28/01/2026,13:55:41,-26.04,-25.99,3.26750000000003
28/01/2026,13:55:43,-26.08,-26.02,3.26750000000003
28/01/2026,13:55:45,-26.11,-26.05,3.28050000000002
28/01/2026,13:55:47,-26.14,-26.09,3.28700000000001
28/01/2026,13:55:49,-26.16,-26.12,3.28050000000002
28/01/2026,13:55:51,-26.19,-26.15,3.28700000000001
28/01/2026,13:55:53,-26.21,-26.19,3.28700000000001
28/01/2026,13:55:55,-26.25,-26.22,3.28050000000002
28/01/2026,13:55:57,-26.28,-26.25,3.29350000000001
28/01/2026,13:55:59,-26.32,-26.29,3.28700000000001
28/01/2026,13:56:01,-26.35,-26.32,3.28700000000001
28/01/2026,13:56:03,-26.38,-26.35,3.28700000000001
28/01/2026,13:56:05,-26.43,-26.39,3.28050000000002
28/01/2026,13:56:07,-26.46,-26.42,3.28700000000001
28/01/2026,13:56:09,-26.48,-26.45,3.28700000000001
28/01/2026,13:56:11,-26.5,-26.49,3.3
28/01/2026,13:56:13,-26.52,-26.52,3.3
28/01/2026,13:56:15,-26.55,-26.55,3.3
28/01/2026,13:56:17,-26.59,-26.59,3.29350000000001
28/01/2026,13:56:19,-26.64,-26.62,3.28050000000002
28/01/2026,13:56:21,-26.68,-26.65,3.28050000000002
28/01/2026,13:56:23,-26.72,-26.69,3.28700000000001
28/01/2026,13:56:25,-26.75,-26.72,3.28700000000001
28/01/2026,13:56:27,-26.77,-26.75,3.3
28/01/2026,13:56:29,-26.79,-26.79,3.30649999999999
28/01/2026,13:56:31,-26.82,-26.82,3.30649999999999
28/01/2026,13:56:33,-26.83,-26.85,3.31950000000006
28/01/2026,13:56:35,-26.86,-26.89,3.31299999999999
28/01/2026,13:56:37,-26.9,-26.92,3.30649999999999
28/01/2026,13:56:39,-26.95,-26.95,3.29350000000001
28/01/2026,13:56:41,-27,-26.99,3.28700000000001
28/01/2026,13:56:43,-27.04,-27.02,3.28700000000001
28/01/2026,13:56:45,-27.08,-27.05,3.29350000000001
28/01/2026,13:56:47,-27.13,-27.09,3.28700000000001
28/01/2026,13:56:49,-27.17,-27.12,3.28700000000001
28/01/2026,13:56:51,-27.2,-27.15,3.29350000000001
28/01/2026,13:56:53,-27.24,-27.19,3.28700000000001
28/01/2026,13:56:55,-27.28,-27.22,3.28700000000001
28/01/2026,13:56:57,-27.3,-27.25,3.29350000000001
28/01/2026,13:56:59,-27.33,-27.29,3.29350000000001
28/01/2026,13:57:01,-27.36,-27.32,3.29350000000001
28/01/2026,13:57:03,-27.4,-27.35,3.29350000000001
28/01/2026,13:57:05,-27.42,-27.39,3.3
28/01/2026,13:57:07,-27.45,-27.42,3.3
28/01/2026,13:57:09,-27.48,-27.45,3.30649999999999
28/01/2026,13:57:11,-27.51,-27.49,3.3
28/01/2026,13:57:13,-27.54,-27.52,3.3
28/01/2026,13:57:15,-27.58,-27.55,3.29350000000001
28/01/2026,13:57:17,-27.63,-27.59,3.29350000000001
28/01/2026,13:57:19,-27.65,-27.62,3.3
28/01/2026,13:57:21,-27.68,-27.65,3.30649999999999
28/01/2026,13:57:23,-27.71,-27.69,3.3
28/01/2026,13:57:25,-27.73,-27.72,3.31299999999999
28/01/2026,13:57:27,-27.76,-27.75,3.31299999999999
28/01/2026,13:57:29,-27.8,-27.79,3.30649999999999
28/01/2026,13:57:31,-27.83,-27.82,3.30649999999999
28/01/2026,13:57:33,-27.87,-27.85,3.3
28/01/2026,13:57:35,-27.91,-27.89,3.3
28/01/2026,13:57:37,-27.95,-27.92,3.3
28/01/2026,13:57:39,-27.98,-27.95,3.3
28/01/2026,13:57:41,-28.01,-27.99,3.30649999999999
28/01/2026,13:57:43,-28.05,-28.02,3.30649999999999
28/01/2026,13:57:45,-28.08,-28.05,3.30649999999999
28/01/2026,13:57:47,-28.11,-28.09,3.31299999999999
28/01/2026,13:57:49,-28.14,-28.12,3.31299999999999
28/01/2026,13:57:51,-28.17,-28.15,3.31299999999999
28/01/2026,13:57:53,-28.21,-28.19,3.30649999999999
28/01/2026,13:57:55,-28.25,-28.22,3.3
28/01/2026,13:57:57,-28.29,-28.25,3.3
28/01/2026,13:57:59,-28.34,-28.29,3.29350000000001
28/01/2026,13:58:01,-28.37,-28.32,3.3
28/01/2026,13:58:03,-28.4,-28.35,3.30649999999999
28/01/2026,13:58:05,-28.43,-28.39,3.30649999999999
28/01/2026,13:58:07,-28.45,-28.42,3.31299999999999
28/01/2026,13:58:09,-28.49,-28.45,3.30649999999999
28/01/2026,13:58:11,-28.53,-28.49,3.3
28/01/2026,13:58:13,-28.56,-28.52,3.30649999999999
28/01/2026,13:58:15,-28.59,-28.55,3.30649999999999
28/01/2026,13:58:17,-28.62,-28.59,3.31299999999999
28/01/2026,13:58:19,-28.65,-28.62,3.31299999999999
28/01/2026,13:58:21,-28.67,-28.65,3.31950000000006
28/01/2026,13:58:23,-28.7,-28.69,3.31950000000006
28/01/2026,13:58:25,-28.74,-28.72,3.31299999999999
28/01/2026,13:58:27,-28.77,-28.75,3.31950000000006
28/01/2026,13:58:29,-28.8,-28.79,3.31299999999999
28/01/2026,13:58:31,-28.84,-28.82,3.30649999999999
